BusinessAuto,,BAAudVisDataEqip2Cov,BAAudVisDataEqip2Cov,CAPP,COMP,COMP
BusinessAuto,,BABobtailLiabCov,BABobtailLiabCov_bi,CAPP,BODI,BODI
BusinessAuto,,BABobtailLiabCov,BABobtailLiabCov_pd,CAPP,PRPD,PRPD
BusinessAuto,,BABobtailLiabCov,BABobtailLiabCov_vd,CAPP,PRPD,PRPD
BusinessAuto,,BACollisionCov,BACollisionCov,CAPP,COLL,COLL
BusinessAuto,,BACollisionLimited_MAMI,BACollisionLimited_MAMI,CAPP,COLL,COLL
BusinessAuto,,BAComprehensiveCov,BAComprehensiveCov,CAPP,COMP,COMP
BusinessAuto,,BADealerLimitLiabCov,BADealerLimitLiabCov_bi,CAPP,BODI,BODI
BusinessAuto,,BADealerLimitLiabCov,BADealerLimitLiabCov_pd,CAPP,PRPD,PRPD
BusinessAuto,,BADealerLimitLiabCov,BADealerLimitLiabCov_vd,CAPP,PRPD,PRPD
BusinessAuto,,CADeathDisabilityCov,CADeathDisabilityCov,CAPP,NFLT,NFLT
BusinessAuto,,BADOCCollisionCov,BADOCCollisionCov,CAPP,COLL,COLL
BusinessAuto,,BADOCCompCov,BADOCCompCov,CAPP,COMP,COMP
BusinessAuto,,BADOCLiabilityCov,BADOCLiabilityCovBI,CAPP,BODI,BODI
BusinessAuto,,BADOCLiabilityCov,BADOCLiabilityCovPD,CAPP,PRPD,PRPD
BusinessAuto,,BADOCLiabilityCov,BADOCLiabilityCovVEH,CAPP,PRPD,PRPD
BusinessAuto,,BADOCMedPayCov,BADOCMedPayCov,CAPP,MPAY,MPAY
BusinessAuto,,BADOCUnderinsCov,BADOCUnderinsCov,CAPP,UNDR,BODI
BusinessAuto,,BADOCUninsuredCov,BADOCUninsuredBI,CAPP,UNIN,BODI
BusinessAuto,,BADOCUninsuredCov,BADOCUninsuredPD,CAPP,UNIN,PRPD
BusinessAuto,,BADOCUninsuredCov,BADOCUninsuredVEH,CAPP,UNIN,PRPD
BusinessAuto,,BAFellowEmployeesCov,BAFellowEmployeesCov,CAPP,BODI,BODI
BusinessAuto,,BAHiredCollisionCov,BAHiredCollisionCov,CAPP,COLL,COLL
BusinessAuto,,BAHiredCompCov,BAHiredCompCov,CAPP,COMP,COMP
BusinessAuto,,BAHiredLiabilityCov,BAHiredLiabilityCovBI,CAPP,BODI,BODI
BusinessAuto,,BAHiredLiabilityCov,BAHiredLiabilityCovVEH,CAPP,PRPD,PRPD
BusinessAuto,,BAHiredLiabilityCov,BAHiredLiabilityCovPD,CAPP,PRPD,PRPD
BusinessAuto,,BAHiredSpecPerilCov,BAHiredSpecPerilCov,CAPP,COMP,COMP
BusinessAuto,,BAHiredUIMCov,BAHiredUIMBI,CAPP,UNDR,BODI
BusinessAuto,,BAHiredUIMCov,BAHiredUIMPD,CAPP,UNDR,PRPD
BusinessAuto,,BAHiredUIMCov,BAHiredUIMVEH,CAPP,UNDR,PRPD
BusinessAuto,,BAHiredUMCov,BAHiredUMCovBI,CAPP,UNIN,BODI
BusinessAuto,,BAHiredUMCov,BAHiredUMCovPD,CAPP,UNIN,PRPD
BusinessAuto,,BAHiredUMCov,BAHiredUMCovVEH,CAPP,UNIN,PRPD
BusinessAuto,,BALimitedPropDamCov,BALimitedPropDamCov,CAPP,PRPD,PRPD
BusinessAuto,,BALoanLeaseGapCov,BALoanLeaseGapCov,CAPP,COMP,COMP
BusinessAuto,,BALossOfUseCov,BALossOfUseCov,CAPP,PRPD,PRPD
BusinessAuto,,BANonOwndSSExtendCov,BANonOwndSSExtendedBI,CAPP,BODI,BODI
BusinessAuto,,BANonOwndSSExtendCov,BANonOwndSSExtendedPD,CAPP,PRPD,PRPD
BusinessAuto,,BANonOwndSSExtendCov,BANonOwnSSExtendCovVEH,CAPP,PRPD,PRPD
BusinessAuto,,BANonownedLiabCov,BANonownedLiabCov_bi,CAPP,BODI,BODI
BusinessAuto,,BANonownedLiabCov,BANonownedLiabCov_pd,CAPP,PRPD,PRPD
BusinessAuto,,BANonownedLiabCov,BANonownedLiabCov_vd,CAPP,PRPD,PRPD
BusinessAuto,,BAOwnedLiabilityCov,BAOwnedLiabilityCov_bi,CAPP,BODI,BODI
BusinessAuto,,BAOwnedLiabilityCov,BAOwnedLiabilityCov_vd,CAPP,PRPD,PRPD
BusinessAuto,,BAOwnedLiabilityCov,BAOwnedLiabilityCov_pd,CAPP,PRPD,PRPD
BusinessAuto,,BAOwnedMedPayCov,BAOwnedMedPayCov,CAPP,MPAY,MPAY
BusinessAuto,,BAOwnedUIMBICov,BAOwnedUIMBICov,CAPP,UNDR,BODI
BusinessAuto,,BAOwnedUIMPDCov,BAOwnedUIMPDCov,CAPP,UNDR,PRPD
BusinessAuto,,BAOwnedUMBICov,BAOwnedUMBICov,CAPP,UNIN,BODI
BusinessAuto,,BAOwnedUMBISuppCov,BAOwnedUMBISuppCov,CAPP,UNIN,BODI
BusinessAuto,,BAOwnedUMPDCov,BAOwnedUMPDCovPD,CAPP,UNIN,PRPD
BusinessAuto,,BAOwnedUMPDCov,BAOwnedUMPDCovVEH,CAPP,UNIN,PRPD
BusinessAuto,,BAPollutLiabBasicCov,BAPollutLiabBasicBI,CAPP,BODI,BODI
BusinessAuto,,BAPollutLiabBasicCov,BAPollutLiabBasicPD,CAPP,PRPD,PRPD
BusinessAuto,,BAPollutLiabBasicCov,BAPollutLiabBasicGEN,CAPP,PRPD,PRPD
BusinessAuto,,BAPollutLiabBoardCov,BAPollutLiabBoardBI,CAPP,BODI,BODI
BusinessAuto,,BAPollutLiabBoardCov,BAPollutLiabBoardGEN,CAPP,PRPD,PRPD
BusinessAuto,,BAPollutLiabBoardCov,BAPollutLiabBoardPD,CAPP,PRPD,PRPD
BusinessAuto,,BAPropProtectionCov,BAPropProtectionCov,CAPP,PRPD,PRPD
BusinessAuto,,BARentalCov,BARentalCov,CAPP,RENT,RENT
BusinessAuto,,BASeasonTrailerLiabCov,BASeasonTrailerLiabCov_bi,CAPP,BODI,BODI
BusinessAuto,,BASeasonTrailerLiabCov,BASeasonTrailerLiabCov_pd,CAPP,PRPD,PRPD
BusinessAuto,,BASeasonTrailerLiabCov,BASeasonTrailerLiabCov_vd,CAPP,PRPD,PRPD
BusinessAuto,,BASpecCausesLossCov,BASpecCausesLossCov,CAPP,COMP,COMP
BusinessAuto,,BATapeDiscRecordCov,BATapeDiscRecordCov,CAPP,COMP,COMP
BusinessAuto,,BATowingLaborCov,BATowingLaborCov,CAPP,TOWL,TOWL
BusinessAuto,,CA_PIP_AR,CA_PIP_AR,CAPP,NFLT,NFLT
BusinessAuto,,CA_PIP_DC,CA_PIP_DC,CAPP,NFLT,NFLT
BusinessAuto,,CAPIP_DE,CAPIP_DE,CAPP,NFLT,NFLT
BusinessAuto,,CAPIP_FL,CAPIP_FL,CAPP,NFLT,NFLT
BusinessAuto,,CAPIP_HI,CAPIP_HI,CAPP,NFLT,NFLT
BusinessAuto,,CAPIP_KS,CAPIP_KS,CAPP,NFLT,NFLT
BusinessAuto,,CAPIP_KY,CAPIP_KY,CAPP,NFLT,NFLT
BusinessAuto,,CAPIP_MA,CAPIP_MA,CAPP,NFLT,NFLT
BusinessAuto,,CAPIP_MD,CAPIP_MD,CAPP,NFLT,NFLT
BusinessAuto,,CAPIP_MI,CAPIP_MI,CAPP,NFLT,NFLT
BusinessAuto,,CAPIP_MN,CAPIP_MN,CAPP,NFLT,NFLT
BusinessAuto,,CAPIP_ND,CAPIP_ND,CAPP,NFLT,NFLT
BusinessAuto,,CAPIP_NJ,CAPIP_NJ,CAPP,NFLT,NFLT
BusinessAuto,,CAPIP_NY,CAPIP_NY,CAPP,NFLT,NFLT
BusinessAuto,,CAPIP_OR,CAPIP_OR,CAPP,NFLT,NFLT
BusinessAuto,,CAPIP_PA,CAPIP_PA,CAPP,NFLT,NFLT
BusinessAuto,,CAPIP_TX,CAPIP_TX,CAPP,NFLT,NFLT
BusinessAuto,,CAPIP_UT,CAPIP_UT,CAPP,NFLT,NFLT
BusinessAuto,,CAPIP_WA,CAPIP_WA,CAPP,NFLT,NFLT
BusinessOwners,,BOPAdditionalCov,BOPAdditionalCov,CPBO,,OTPR
BusinessOwners,,BOPAggLimitProjCov,BOPAggLimitProjCov,CLBO,LIAB,OTCA
BusinessOwners,,BOPAlaskaAFGLCov,BOPAlaskaAFGLCov,CLBO,LIAB,OTCA
BusinessOwners,,BOPBarberCov,BOPBarberCovBI,CLBO,LIAB,OTCA
BusinessOwners,,BOPBarberCov,BOPBarberCovGEN,CLBO,LIAB,OTCA
BusinessOwners,,BOPBuildingCov,BOPBuildingCov,CPBO,,OTPR
BusinessOwners,,BOPBurgRobCov,BOPBurgRobCov,CPBO,,OTPR
BusinessOwners,,BOPBusIncDepPrpCov,BOPBusIncDepPrpCov,CPBO,,OTPR
BusinessOwners,,BOPBusIncExtCov,BOPBusIncExtCov,CPBO,,OTPR
BusinessOwners,,BOPBusIncPayrollCov,BOPBusIncPayrollCov,CPBO,,OTPR
BusinessOwners,,BOPCAEqBldgRecCov,BOPCAEqBldgRecCov,CPBO,,OTPR
BusinessOwners,,BOPCAEqBldgSubCov,BOPCAEqBldgSubCov,CPBO,,OTPR
BusinessOwners,,BOPCertTerrorCap,BOPCertTerrorCap,CLBO,LIAB,OTCA
BusinessOwners,,BOPComputerFraudCov,BOPComputerFraudCov,CPBO,,OTPR
BusinessOwners,,BOPCondoAssnCov,BOPCondoAssnCov,CPBO,,OTPR
BusinessOwners,,BOPCondoUnitOwnCov,BOPCondoUnitOwnCov,CPBO,,OTPR
BusinessOwners,,BOPDesigPremProj,BOPDesigPremProj,CLBO,LIAB,OTCA
BusinessOwners,,BOPElectricalSchedCov,BOPElectricalSchedCov,CPBO,,OTPR
BusinessOwners,,BOPEmpBenefits,BOPEmpBenefits,CLBO,LIAB,OTCA
BusinessOwners,,BOPEmpBenExtRpting,BOPEmpBenExtRpting,CLBO,LIAB,OTCA
BusinessOwners,,BOPEmpDisCov,BOPEmpDisCov,CPBO,,FDTY
BusinessOwners,,BOPEqBldgCov,BOPEqBldgCov,CPBO,,ERTH
BusinessOwners,,BOPEqSpBldgCov,BOPEQSpLeakBuilding,CPBO,,ERTH
BusinessOwners,,BOPEqSpBldgCov,BOPEQSpLeakBPP,CPBO,,ERTH
BusinessOwners,,BOPFDService,BOPFDService,CPBO,,OTPR
BusinessOwners,,BOPFoodContamCov,BOPFoodContamCovINCOME,CPBO,,OTPR
BusinessOwners,,BOPFoodContamCov,BOPFoodContamCovGEN,CPBO,,OTPR
BusinessOwners,,BOPForgeAltCov,BOPForgeAltCov,CPBO,,OTPR
BusinessOwners,,BOPFuncPerPropCov,BOPFuncPerPropCov,CPBO,,OTPR
BusinessOwners,,BOPFuneralDirCov,BOPFuneralDirCov,CLBO,LIAB,OTCA
BusinessOwners,,BOPFungiPropCov,BOPFungiPropCov,CPBO,,OTPR
BusinessOwners,,BOPGuestPropCov,BOPGuestPropCov,CLBO,LIAB,OTCA
BusinessOwners,,BOPGuestSafeDepCov,BOPGuestSafeDepCov,CLBO,LIAB,OTCA
BusinessOwners,,BOPHearingAidCov,BOPHearingAidCov,CLBO,LIAB,OTCA
BusinessOwners,,BOPHiredAuto,BOPHiredAutoBI,CLBO,LIAB,BODI
BusinessOwners,,BOPHiredAuto,BOPHiredAutoVEH,CLBO,LIAB,LIAB
BusinessOwners,,BOPHiredAuto,BOPHiredAutoGEN,CLBO,LIAB,OTCA
BusinessOwners,,BOPLeasedWorkerInjCov,BOPLeasedWorkerInjBI,CLBO,LIAB,BODI
BusinessOwners,,BOPLeasedWorkerInjCov,BOPLeasedWorkerInjCovGEN,CLBO,LIAB,OTCA
BusinessOwners,,BOPLiabilityCov,BOPLiabilityBI,CLBO,LIAB,BODI
BusinessOwners,,BOPLiabilityCov,BOPLiabilityPD,CLBO,LIAB,LIAB
BusinessOwners,,BOPLiabilityCov,BOPLiabilityGEN,CLBO,LIAB,OTCA
BusinessOwners,,BOPLiquorCov,BOPLiquorCovBI,CLBO,LIAB,BODI
BusinessOwners,,BOPLiquorCov,BOPLiquorCovGEN,CLBO,LIAB,OTCA
BusinessOwners,,BOPLiquorEvents,BOPLiquorEventsBI,CLBO,LIAB,BODI
BusinessOwners,,BOPLiquorEvents,BOPLiquorEventsGEN,CLBO,LIAB,OTCA
BusinessOwners,,BOPLiquorRemoveExc,BOPLiquorRemoveExc,CLBO,LIAB,OTCA
BusinessOwners,,BOPLocWindHailCov,BOPLocWindHailCov,CPBO,,OTPR
BusinessOwners,,BOPMALeadPoisonCov,BOPMALeadPoisonCov,CLBO,LIAB,BODI
BusinessOwners,,BOPMATenantReloCov,BOPMATenantReloCov,CLBO,LIAB,OTCA
BusinessOwners,,BOPMechBreakdownCov,BOPMechBreakdownCov,CPBO,,OTPR
BusinessOwners,,BOPMedExpCov,BOPMedExpCov,CLBO,MPAY,MPAY
BusinessOwners,,BOPMineSubCov,BOPMineSubCov,CPBO,,SNKL
BusinessOwners,,BOPMoneySecCov,BOPMoneySecCov,CPBO,,OTPR
BusinessOwners,,BOPMotelCov,BOPMotelCov,CPBO,,OTPR
BusinessOwners,,BOPNewAcquiredOrgCov,BOPNewAcquiredOrgCov,CLBO,LIAB,OTCA
BusinessOwners,,BOPNonOwnedAutoCov,BOPNonOwnedAutoCovBI,CLBO,LIAB,OTCA
BusinessOwners,,BOPNonOwnedAutoCov,BOPNonOwnedAutoVEH,CLBO,LIAB,OTCA
BusinessOwners,,BOPNonOwnedAutoCov,BOPNonOwnedAutoCovGEN,CLBO,LIAB,OTCA
BusinessOwners,,BOPOrdinanceCov,BOPOrdinanceCov,CPBO,,OTPR
BusinessOwners,,BOPOutdoorProp,BOPOutdoorProp,CPBO,,OTPR
BusinessOwners,,BOPOutSignCov,BOPOutSignCov,CPBO,,OTPR
BusinessOwners,,BOPOverflowCov,BOPOverflowCovPD,CPBO,,OTPR
BusinessOwners,,BOPOverflowCov,BOPOverflowCovCON,CPBO,,OTPR
BusinessOwners,,BOPPersAdvertInj,BOPPersAdvertInj,CLBO,LIAB,OTCA
BusinessOwners,,BOPPersonalEffects,BOPPersonalEffects,CPBO,,OTPR
BusinessOwners,,BOPPersonalPropCov,BOPPersonalPropCov,CPBO,,OTPR
BusinessOwners,,BOPPersPropOffPrem,BOPPersPropOffPrem,CPBO,,OTPR
BusinessOwners,,BOPPesticideApplicatorCov,BOPPesticideApplicaorCovBI,CLBO,LIAB,OTCA
BusinessOwners,,BOPPesticideApplicatorCov,BOPPesticideApplicatorCovGEN,CLBO,LIAB,OTCA
BusinessOwners,,BOPPharmacistCov,BOPPharmacistCov,CLBO,LIAB,OTCA
BusinessOwners,,BOPPollutionCov,BOPPollutionCov,CLBO,POLL,OTCA
BusinessOwners,,BOPPrinterCov,BOPPrinterCov,CLBO,LIAB,OTCA
BusinessOwners,,BOPPropertyCov,BOPPropertyCov,CPBO,,OTPR
BusinessOwners,,BOPReceivablesCov,BOPReceivablesCov,CPBO,,OTPR
BusinessOwners,,BOPSelfStorCov,BOPSelfStorCov,CPBO,,OTPR
BusinessOwners,,BOPSpoilageCov,BOPSpoilageCov,CPBO,,OTPR
BusinessOwners,,BOPTenantFireCov,BOPTenantFireCov,CLBO,LIAB,LIAB
BusinessOwners,,BOPTenantsLiabilityCov,BOPTenantsLiabilityCovPD,CLBO,LIAB,LIAB
BusinessOwners,,BOPTenantsLiabilityCov,BOPTenantsLiabilityCovGEN,CLBO,LIAB,LIAB
BusinessOwners,,BOPToolsInstallUnschedCov,BOPToolsInstallUnschedCov,CPBO,,OTPR
BusinessOwners,,BOPToolsSchedCov,BOPToolsSchedCov,CPBO,,OTPR
BusinessOwners,,BOPUtilDirectCov,BOPUtilDirectCovPD,CPBO,,OTPR
BusinessOwners,,BOPUtilDirectCov,BOPUtilDirectCovCON,CPBO,,OTPR
BusinessOwners,,BOPUtilTimeCov,BOPUtilTimeCov,CPBO,,OTPR
BusinessOwners,,BOPVacancyChangeCov,BOPVacancyChangeCov,CPBO,,OTPR
BusinessOwners,,BOPVacancyCov,BOPVacancyCov,CPBO,,OTPR
BusinessOwners,,BOPValuablePapersCov,BOPValuablePapersCov,CPBO,,OTPR
BusinessOwners,,BOPVetCov,BOPVetCov,CLBO,LIAB,OTCA
BusinessOwners,,BOPY2KIncomeExpenseCov,BOPY2KIncomeExpenseCov,CPBO,,OTPR
BusinessOwners,,BOPY2KLimitedCov,BOPY2KLimitedCov,CLBO,LIAB,OTCA
BusinessOwners,,BOPY2KPremOnlyCov,BOPY2KPremOnlyCov,CLBO,LIAB,OTCA
BusinessOwners,,BusIncChangeCov,BusIncChangeCov,CPBO,,OTPR
CommercialPackage,CPLine,AccountsRecOffPremisesProperty,AccountsRecOffPremisesProperty,CPMP,,OTPR
CommercialPackage,CPLine,ContractorsEquipAdditionallyAcquiredProperty,ContractorsEquipAdditionallyAcquiredProperty,CPMP,,OTPR
CommercialPackage,CPLine,ContractorsEquipDebrisRemoval,ContractorsEquipDebrisRemoval,CPMP,,OTPR
CommercialPackage,CPLine,ContractorsEquipEmployeesTools,ContractorsEquipEmployeesTools,CPMP,,OTPR
CommercialPackage,CPLine,ContractorsEquipMiscUnscheduledCov,ContractorsEquipMiscUnscheduledCov,CPMP,,OTPR
CommercialPackage,CPLine,ContractorsEquipPollutionCleanup,ContractorsEquipPollutionCleanup,CPMP,,OTPR
CommercialPackage,CPLine,ContractorsEquipPreservationOfProperty,ContractorsEquipPreservationOfProperty,CPMP,,OTPR
CommercialPackage,CPLine,ContractorsEquipRentalReibursement,ContractorsEquipRentalReibursement,CPMP,,OTPR
CommercialPackage,CPLine,ContractorsEquipRentedEquipment,ContractorsEquipRentedEquipment,CPMP,,OTPR
CommercialPackage,CPLine,ContractorsEquipSchedCov,ContractorsEquipSchedCov,CPMP,,OTPR
CommercialPackage,GLLine,AccountsRecOffPremisesProperty,AccountsRecOffPremisesProperty,CPMP,,OTPR
CommercialPackage,GLLine,ContractorsEquipAdditionallyAcquiredProperty,ContractorsEquipAdditionallyAcquiredProperty,CPMP,,OTPR
CommercialPackage,GLLine,ContractorsEquipDebrisRemoval,ContractorsEquipDebrisRemoval,CPMP,,OTPR
CommercialPackage,GLLine,ContractorsEquipEmployeesTools,ContractorsEquipEmployeesTools,CPMP,,OTPR
CommercialPackage,GLLine,ContractorsEquipMiscUnscheduledCov,ContractorsEquipMiscUnscheduledCov,CPMP,,OTPR
CommercialPackage,GLLine,ContractorsEquipPollutionCleanup,ContractorsEquipPollutionCleanup,CPMP,,OTPR
CommercialPackage,GLLine,ContractorsEquipPreservationOfProperty,ContractorsEquipPreservationOfProperty,CPMP,,OTPR
CommercialPackage,GLLine,ContractorsEquipRentalReibursement,ContractorsEquipRentalReibursement,CPMP,,OTPR
CommercialPackage,GLLine,ContractorsEquipRentedEquipment,ContractorsEquipRentedEquipment,CPMP,,OTPR
CommercialPackage,GLLine,ContractorsEquipSchedCov,ContractorsEquipSchedCov,CPMP,,OTPR
CommercialPackage,,CPBlanketCov,CPBlanketCov,CPMP,,LossCause/OTPR
CommercialPackage,,CPBldgBusIncomeCov,CPBldgBusIncomeCov,CPMP,,LossCause/OTPR
CommercialPackage,,CPBldgCov,CPBldgCov,CPMP,,LossCause/OTPR
CommercialPackage,,CPBldgExtraExpenseCov,CPBldgExtraExpenseCov,CPMP,,LossCause/OTPR
CommercialPackage,,CPBldgStockCov,CPBldgStockCov,CPMP,,LossCause/OTPR
CommercialPackage,,CPBPPCov,CPBPPCov,CPMP,,LossCause/OTPR
CommercialPackage,,GLAddCondoCov,GLAddCondoCovBI,CCGL,LIAB,BODI
CommercialPackage,,GLAddCondoCov,GLAddCondoCovPD,CCGL,LIAB,LIAB
CommercialPackage,,GLAddCondoCov,GLAddCondoCovGEN,CCGL,LIAB,OTCA
CommercialPackage,,GLAddInjuryLeasedWorkers,GLAddInjuryLeasedWorkers,CCGL,LIAB,BODI
CommercialPackage,,GLCGLCov,GLCGLCov_ops_bi,CCGL,LIAB,BODI
CommercialPackage,,GLCGLCov,GLCGLCov_ops_pd,CCGL,LIAB,LIAB
CommercialPackage,,GLCGLCov,GLCGLCov_ops_gd,CCGL,LIAB,OTCA
CommercialPackage,,GLCGLCov,GLCGLCov_ops_mp,CCGL,LIAB,MPAY
CommercialPackage,,GLCGLCov,GLCGLCov_prod_bi,CCGL,PROD,BODI
CommercialPackage,,GLCGLCov,GLCGLCov_prod_pd,CCGL,PROD,LIAB
CommercialPackage,,GLCGLCov,GLCGLCov_prod_gd,CCGL,PROD,OTCA
CommercialPackage,,GLCGLCov,GLCGLCov_prod_mp,CCGL,LIAB,MPAY
CommercialPackage,,GLCGLCov,GLCGLCov_adv_gd,CCGL,PINJ,OTPI
CommercialPackage,,GLContractualLiabRR,GLContractLiabRRBI,CCGL,LIAB,BODI
CommercialPackage,,GLContractualLiabRR,GLContracdtLiabRRPD,CCGL,LIAB,LIAB
CommercialPackage,,GLContractualLiabRR,ContractLiabRRGEN,CCGL,LIAB,OTCA
CommercialPackage,,GLDeductible,GLDeductible-BI,CCGL,LIAB,OTCA
CommercialPackage,,GLDeductible,GLDeductible-PD,CCGL,LIAB,OTCA
CommercialPackage,,GLDeductible,GLDeductible-GEN,CCGL,LIAB,OTCA
CommercialPackage,,GLElectronicDataLiability,GLElectronicDataLiability,CCGL,LIAB,OTCA
CommercialPackage,,GLEmpBenefitsLiabilityCov,GLEmpBenefitsLiabilityCov,CCGL,LIAB,OTCA
CommercialPackage,,GLGovSubdivisions,GLGovSubdivisionsBI,CCGL,LIAB,BODI
CommercialPackage,,GLGovSubdivisions,GLGovSubdivisionsPD,CCGL,LIAB,LIAB
CommercialPackage,,GLGovSubdivisions,GLGovSubdivisionsGEN,CCGL,LIAB,OTCA
CommercialPackage,,GLLawnCare,GLLawnCareBI,CCGL,LIAB,BODI
CommercialPackage,,GLLawnCare,GLLawnCarePD,CCGL,LIAB,LIAB
CommercialPackage,,GLLawnCare,GLLawnCareGEN,CCGL,LIAB,OTCA
CommercialPackage,,GLLimitedPAandInjuryCov,GLLimitedPAandInjuryCov,CCGL,PINJ,OTCA
CommercialPackage,,GLLiquorEndorsement,GLLiquorLiabilityCovBI,CCGL,LIAB,BODI
CommercialPackage,,GLLiquorEndorsement,GLLiquorLiabilityCovPD,CCGL,LIAB,LIAB
CommercialPackage,,GLLiquorEndorsement,GLLiquorLiabilityCovGEN,CCGL,LIAB,OTCA
CommercialPackage,,GLLtdFungiBacteriaCov,GLLtdFungiCovBI,CCGL,LIAB,BODI
CommercialPackage,,GLLtdFungiBacteriaCov,GLLtdFungiCovPD,CCGL,LIAB,LIAB
CommercialPackage,,GLLtdFungiBacteriaCov,GLLtdFungiCovGEN,CCGL,LIAB,OTCA
CommercialPackage,,GLPestHerbicideApplicatorSchedule,GLPestHerbicideApplicatorSchedule,CCGL,LIAB,LIAB
CommercialPackage,,GLPollutionDesignatedCov,GLPollutionDesignatedCovBI,CCGL,POLL,BODI
CommercialPackage,,GLPollutionDesignatedCov,GLPollutionDesignatedCovPD,CCGL,POLL,LIAB
CommercialPackage,,GLPollutionDesignatedCov,GLPollutionDesignatedCovGEN,CCGL,POLL,OTCA
CommercialPackage,,GLPollutionShortTermCov,GLPollutionShortTermCovBI,CCGL,POLL,BODI
CommercialPackage,,GLPollutionShortTermCov,GLPollutionShortTermCovPD,CCGL,POLL,LIAB
CommercialPackage,,GLPollutionShortTermCov,GLPollutionShortTermCovGEN,CCGL,POLL,OTCA
CommercialPackage,,GLUndergroundResourceCov,GLUGResourcesCovBI,CCGL,LIAB,BODI
CommercialPackage,,GLUndergroundResourceCov,GLUGResourcesCovPD,CCGL,LIAB,LIAB
CommercialPackage,,GLUndergroundResourceCov,GLUGResourcesCovGEN,CCGL,LIAB,OTCA
CommercialPackage,,IMAccountReceivableCov,IMAccountReceivableCov,CPMP,,OTPR
CommercialPackage,,IMSignCov,IMSignCov,CPMP,,OTPR
CommercialPackage,,PollutionBroadLimited,GLPollutionBI,CCGL,POLL,BODI
CommercialPackage,,PollutionBroadLimited,GLPollutionPD,CCGL,POLL,LIAB
CommercialPackage,,PollutionBroadLimited,GLPollutionGEN,CCGL,POLL,OTCA
CommercialPackage,,ProductWithdrawalLtd,ProductWithdrawalLtd,CCGL,PROD,OTCA
CommercialPackage,,XCUSpecified,XCUSpecifiedBI,CCGL,LIAB,BODI
CommercialPackage,,XCUSpecified,XCUSpecifiedPD,CCGL,LIAB,LIAB
CommercialPackage,,XCUSpecified,XCUSpecifiedGEN,CCGL,LIAB,OTCA
CommercialPackage,,Y2KLimitedCov,Y2KLimitedCov,CCGL,LIAB,OTCA
CommercialProperty,,CPBlanketCov,CPBlanketCov,CPMP,,LossCause/OTPR
CommercialProperty,,CPBldgBusIncomeCov,CPBldgBusIncomeCov,CPMP,,LossCause/OTPR
CommercialProperty,,CPBldgCov,CPBldgCov,CPMP,,LossCause/OTPR
CommercialProperty,,CPBldgExtraExpenseCov,CPBldgExtraExpenseCov,CPMP,,LossCause/OTPR
CommercialProperty,,CPBldgStockCov,CPBldgStockCov,CPMP,,LossCause/OTPR
CommercialProperty,,CPBPPCov,CPBPPCov,CPMP,,LossCause/OTPR
farmowners,,FARM,farm_pd,CFRM,LIAB,LIAB
farmowners,,FARM,farm_bid,CFRM,LIAB,BODI
GeneralLiability,,GLAddCondoCov,GLAddCondoCovBI,CCGL,LIAB,BODI
GeneralLiability,,GLAddCondoCov,GLAddCondoCovPD,CCGL,LIAB,LIAB
GeneralLiability,,GLAddCondoCov,GLAddCondoCovGEN,CCGL,LIAB,OTCA
GeneralLiability,,GLAddInjuryLeasedWorkers,GLAddInjuryLeasedWorkers,CCGL,LIAB,BODI
GeneralLiability,,GLCGLCov,GLCGLCov_ops_bi,CCGL,LIAB,BODI
GeneralLiability,,GLCGLCov,GLCGLCov_ops_pd,CCGL,LIAB,LIAB
GeneralLiability,,GLCGLCov,GLCGLCov_ops_gd,CCGL,LIAB,OTCA
GeneralLiability,,GLCGLCov,GLCGLCov_ops_mp,CCGL,LIAB,MPAY
GeneralLiability,,GLCGLCov,GLCGLCov_prod_bi,CCGL,PROD,BODI
GeneralLiability,,GLCGLCov,GLCGLCov_prod_pd,CCGL,PROD,LIAB
GeneralLiability,,GLCGLCov,GLCGLCov_prod_gd,CCGL,PROD,OTCA
GeneralLiability,,GLCGLCov,GLCGLCov_prod_mp,CCGL,LIAB,MPAY
GeneralLiability,,GLCGLCov,GLCGLCov_adv_gd,CCGL,PINJ,OTCA
GeneralLiability,,GLContractualLiabRR,GLContractLiabRRBI,CCGL,LIAB,BODI
GeneralLiability,,GLContractualLiabRR,GLContracdtLiabRRPD,CCGL,LIAB,LIAB
GeneralLiability,,GLContractualLiabRR,ContractLiabRRGEN,CCGL,LIAB,OTCA
GeneralLiability,,GLDeductible,GLDeductible-BI,CCGL,LIAB,OTCA
GeneralLiability,,GLDeductible,GLDeductible-PD,CCGL,LIAB,OTCA
GeneralLiability,,GLDeductible,GLDeductible-GEN,CCGL,LIAB,OTCA
GeneralLiability,,GLElectronicDataLiability,GLElectronicDataLiability,CCGL,LIAB,OTCA
GeneralLiability,,GLEmpBenefitsLiabilityCov,GLEmpBenefitsLiabilityCov,CCGL,LIAB,OTCA
GeneralLiability,,GLGovSubdivisions,GLGovSubdivisionsBI,CCGL,LIAB,BODI
GeneralLiability,,GLGovSubdivisions,GLGovSubdivisionsPD,CCGL,LIAB,LIAB
GeneralLiability,,GLGovSubdivisions,GLGovSubdivisionsGEN,CCGL,LIAB,OTCA
GeneralLiability,,GLLawnCare,GLLawnCareBI,CCGL,LIAB,BODI
GeneralLiability,,GLLawnCare,GLLawnCarePD,CCGL,LIAB,LIAB
GeneralLiability,,GLLawnCare,GLLawnCareGEN,CCGL,LIAB,OTCA
GeneralLiability,,GLLimitedPAandInjuryCov,GLLimitedPAandInjuryCov,CCGL,PINJ,OTPI
GeneralLiability,,GLLiquorEndorsement,GLLiquorLiabilityCovBI,CCGL,LIAB,BODI
GeneralLiability,,GLLiquorEndorsement,GLLiquorLiabilityCovPD,CCGL,LIAB,LIAB
GeneralLiability,,GLLiquorEndorsement,GLLiquorLiabilityCovGEN,CCGL,LIAB,OTCA
GeneralLiability,,GLLtdFungiBacteriaCov,GLLtdFungiCovBI,CCGL,LIAB,BODI
GeneralLiability,,GLLtdFungiBacteriaCov,GLLtdFungiCovPD,CCGL,LIAB,LIAB
GeneralLiability,,GLLtdFungiBacteriaCov,GLLtdFungiCovGEN,CCGL,LIAB,OTCA
GeneralLiability,,GLPestHerbicideApplicatorSchedule,GLPestHerbicideApplicatorSchedule,CCGL,LIAB,LIAB
GeneralLiability,,GLPollutionDesignatedCov,GLPollutionDesignatedCovBI,CCGL,POLL,BODI
GeneralLiability,,GLPollutionDesignatedCov,GLPollutionDesignatedCovPD,CCGL,POLL,LIAB
GeneralLiability,,GLPollutionDesignatedCov,GLPollutionDesignatedCovGEN,CCGL,POLL,OTCA
GeneralLiability,,GLPollutionShortTermCov,GLPollutionShortTermCovBI,CCGL,POLL,BODI
GeneralLiability,,GLPollutionShortTermCov,GLPollutionShortTermCovPD,CCGL,POLL,LIAB
GeneralLiability,,GLPollutionShortTermCov,GLPollutionShortTermCovGEN,CCGL,POLL,OTCA
GeneralLiability,,GLUndergroundResourceCov,GLUGResourcesCovBI,CCGL,LIAB,BODI
GeneralLiability,,GLUndergroundResourceCov,GLUGResourcesCovPD,CCGL,LIAB,LIAB
GeneralLiability,,GLUndergroundResourceCov,GLUGResourcesCovGEN,CCGL,LIAB,OTCA
GeneralLiability,,PollutionBroadLimited,GLPollutionBI,CCGL,POLL,BODI
GeneralLiability,,PollutionBroadLimited,GLPollutionPD,CCGL,POLL,LIAB
GeneralLiability,,PollutionBroadLimited,GLPollutionGEN,CCGL,POLL,OTCA
GeneralLiability,,ProductWithdrawalLtd,ProductWithdrawalLtd,CCGL,PROD,OTCA
GeneralLiability,,XCUSpecified,XCUSpecifiedBI,CCGL,LIAB,BODI
GeneralLiability,,XCUSpecified,XCUSpecifiedPD,CCGL,LIAB,LIAB
GeneralLiability,,XCUSpecified,XCUSpecifiedGEN,CCGL,LIAB,OTCA
GeneralLiability,,Y2KLimitedCov,Y2KLimitedCov,CCGL,LIAB,OTCA
Homeowners,,DPDW_Dwelling_Cov_HOE,DPDWDwellingDWLG,PPHO,,OTPR
Homeowners,,DPDW_Loss_Of_Use_HOE,DPDWLossOfUse,PPHO,,OTPR
Homeowners,,DPDW_OrdinanceCov_HOE,DPDWOrdinanceLaw,PPHO,,OTPR
Homeowners,,DPDW_Other_Structures_HOE,DPDWOtherStructures,PPHO,,OTPR
Homeowners,,DPDW_Personal_Property_HOE,DPDWPersonalProperty,PPHO,,OTPR
Homeowners,,DPDW_Theft_HOE,DPDWTheft_Contents,PPHO,,THFT
Homeowners,,DPLI_Med_Pay_HOE,DPLIMedPay,PPHO,MPAY,MPAY
Homeowners,,DPLI_Personal_Liability_HOE,DPLIPersonalLiabilityBI,PPHO,LIAB,BODI
Homeowners,,DPLI_Personal_Liability_HOE,DPLIPersonalLiabilityPD,PPHO,LIAB,OTCA
Homeowners,,DPLI_Personal_Liability_HOE,DPLIPersonalLiabilityGEN,PPHO,LIAB,OTCA
Homeowners,,HODW_Dwelling_Cov_HOE,HODWDwelling,PPHO,,LossCause/OTPR
Homeowners,,HODW_Earthquake_HOE,HODWEarthQuake_PD,PPHO,,LossCause/OTPR
Homeowners,,HODW_Earthquake_HOE,HODWEarthQuake_OS,PPHO,,LossCause/OTPR
Homeowners,,HODW_Earthquake_HOE,HODWEarthQuake_PPD,PPHO,,LossCause/OTPR
Homeowners,,HODW_FungiCov_HOE,HODWFungi,PPHO,,LossCause/OTPR
Homeowners,,HODW_FungiCovFlorida_HOE,HOFungi,PPHO,,LossCause/OTPR
Homeowners,,HODW_InflationGaurd_HOE,HODWInflation,PPHO,,LossCause/OTPR
Homeowners,,HODW_Loss_Of_Use_HOE,HODWLossOfUse,PPHO,,LossCause/OTPR
Homeowners,,HODW_OrdinanceCov_HOE,HODWOrdinanceLaw,PPHO,,LossCause/OTPR
Homeowners,,HODW_Other_Structures_HOE,HODWOtherStructures,PPHO,,LossCause/OTPR
Homeowners,,HODW_OtherStructuresOffPremise_HOE,HODWOtherStructureOffPremises,PPHO,,LossCause/OTPR
Homeowners,,HODW_OtherStructuresOnPremise_HOE,HODWOtherStructureOnPremises,PPHO,,LossCause/OTPR
Homeowners,,HODW_Personal_Property_HOE,HODWPersonalProp,PPHO,,LossCause/OTPR
Homeowners,,HODW_PersonalPropertyOffResidence_HOE,HODWPersPropAtOthResidences,PPHO,,LossCause/OTPR
Homeowners,,HODW_ScheduledProperty_HOE,HODWSchedPersProperty,PPHO,,LossCause/OTPR
Homeowners,,HODW_SectionI_Ded_HOE,HODWSecIDeduct,PPHO,,LossCause/OTPR
Homeowners,,HODW_SpecialLimitsCovC_HOE,HODWSpecLimitsCovC,PPHO,,LossCause/OTPR
Homeowners,,HODW_SpecificStructuresOffPremise_HOE,HODWSpecStrucOffPremises,PPHO,,LossCause/OTPR
Homeowners,,HOLI_FungiCov_HOE,HOLIFungi,PPHO,LIAB,LIAB
Homeowners,,HOLI_LimitedComputer_HOE,HOLILtdComputerLiability,PPHO,LIAB,LIAB
Homeowners,,HOLI_Med_Pay_HOE,HOLIMed,PPHO,MPAY,MPAY
Homeowners,,HOLI_OtherInsuredResidence_HOE,HOLIOtherInsuredRes,PPHO,LIAB,LIAB
Homeowners,,HOLI_Personal_Liability_HOE,HOLIPersonalLiabBI,PPHO,LIAB,LIAB
Homeowners,,HOLI_Personal_Liability_HOE,HOLIPersonalLiabPD,PPHO,LIAB,LIAB
Homeowners,,HOLI_Personal_Liability_HOE,HOLIPersonalLiabGEN,PPHO,LIAB,LIAB
Homeowners,,HOLI_PersonalInjury_HOE,HOLIPersonalInjury,PPHO,LIAB,LIAB
InlandMarine,,AccountsRecOffPremisesProperty,AccountsRecOffPremisesProperty,CIMR,,OTPR
InlandMarine,,ContractorsEquipAdditionallyAcquiredProperty,ContractorsEquipAdditionallyAcquiredProperty,CIMR,,OTPR
InlandMarine,,ContractorsEquipDebrisRemoval,ContractorsEquipDebrisRemoval,CIMR,,OTPR
InlandMarine,,ContractorsEquipEmployeesTools,ContractorsEquipEmployeesTools,CIMR,,OTPR
InlandMarine,,ContractorsEquipMiscUnscheduledCov,ContractorsEquipMiscUnscheduledCov,CIMR,,OTPR
InlandMarine,,ContractorsEquipPollutionCleanup,ContractorsEquipPollutionCleanup,CIMR,,OTPR
InlandMarine,,ContractorsEquipPreservationOfProperty,ContractorsEquipPreservationOfProperty,CIMR,,OTPR
InlandMarine,,ContractorsEquipRentalReibursement,ContractorsEquipRentalReibursement,CIMR,,OTPR
InlandMarine,,ContractorsEquipRentedEquipment,ContractorsEquipRentedEquipment,CIMR,,OTPR
InlandMarine,,ContractorsEquipSchedCov,ContractorsEquipSchedCov,CIMR,,OTPR
InlandMarine,,IMAccountReceivableCov,IMAccountReceivableCov,CIMR,,OTPR
InlandMarine,,IMSignCov,IMSignCov,CIMR,,OTPR
PersonalAuto,,PACollision_MA_MI_Limited,PACollision_MA_MI_Limited,PAPP,COLL,COLL
PersonalAuto,,PACollisionCov,PACollisionCov,PAPP,COLL,COLL
PersonalAuto,,PAComprehensiveCov,PAComprehensiveCov,PAPP,COMP,COMP
PersonalAuto,,PADeathDisabilityCov,PADeathDisabilityCov,PAPP,NFLT,NFLT
PersonalAuto,,PAExcessElectronicsCov,PAExcessElectronicsCov,PAPP,COMP,COMP
PersonalAuto,,PALiabilityCov,PALiabilityCov_vd,PAPP,PRPD,OTAU
PersonalAuto,,PALiabilityCov,PALiabilityCov_pd,PAPP,PRPD,PRPD
PersonalAuto,,PALiabilityCov,PALiabilityCov_bi,PAPP,BODI,BODI
PersonalAuto,,PALimitedMexicoCov,PAMexicoCovBI,PAPP,BODI,BODI
PersonalAuto,,PALimitedMexicoCov,PAMexicoCovPD,PAPP,PRPD,PRPD
PersonalAuto,,PALimitedMexicoCov,PAMexicoCovVEH,PAPP,PRPD,OTAU
PersonalAuto,,PALimitedMexicoCov,PAMexicoCovGEN,PAPP,PRPD,PRPD
PersonalAuto,,PALossOfUseCov,PALossOfUseCov,PAPP,PRPD,PRPD
PersonalAuto,,PAMedPayCov,PAMedPayCov,PAPP,MPAY,MPAY
PersonalAuto,,PAPIP_AR,PAPIP_AR,PAPP,NFLT,NFLT
PersonalAuto,,PAPIP_DC,PAPIP_DC,PAPP,NFLT,NFLT
PersonalAuto,,PAPIP_DE,PAPIP_DE,PAPP,NFLT,NFLT
PersonalAuto,,PAPIP_FL,PAPIP_FL,PAPP,NFLT,NFLT
PersonalAuto,,PAPIP_HI,PAPIP_HI,PAPP,NFLT,NFLT
PersonalAuto,,PAPIP_KS,PAPIP_KS,PAPP,NFLT,NFLT
PersonalAuto,,PAPIP_KY,PAPIP_KY,PAPP,NFLT,NFLT
PersonalAuto,,PAPIP_MA,PAPIP_MA,PAPP,NFLT,NFLT
PersonalAuto,,PAPIP_MD,PAPIP_MD,PAPP,NFLT,NFLT
PersonalAuto,,PAPIP_MI,PAPIP_MI,PAPP,NFLT,NFLT
PersonalAuto,,PAPIP_MN,PAPIP_MN,PAPP,NFLT,NFLT
PersonalAuto,,PAPIP_ND,PAPIP_ND,PAPP,NFLT,NFLT
PersonalAuto,,PAPIP_NJ,PAPIP_NJ,PAPP,NFLT,NFLT
PersonalAuto,,PAPIP_NY,PAPIP_NY,PAPP,NFLT,NFLT
PersonalAuto,,PAPIP_OR,PAPIP_OR,PAPP,NFLT,NFLT
PersonalAuto,,PAPIP_PA,PAPIP_PA,PAPP,NFLT,NFLT
PersonalAuto,,PAPIP_TX,PAPIP_TX,PAPP,NFLT,NFLT
PersonalAuto,,PAPIP_UT,PAPIP_UT,PAPP,NFLT,NFLT
PersonalAuto,,PAPIP_WA,PAPIP_WA,PAPP,NFLT,NFLT
PersonalAuto,,PAPropProtectionCov,PAPropProtectionCov,PAPP,PRPD,PRPD
PersonalAuto,,PARentalCov,PARentalCov,PAPP,RENT,RENT
PersonalAuto,,PATapeDiscMediaCov,PATapeDiscMediaCov,PAPP,COMP,COMP
PersonalAuto,,PATowingLaborCov,PATowingLaborCov,PAPP,TOWL,TOWL
PersonalAuto,,PAUIMBICov,PAUIMBICov,PAPP,UNDR,BODI
PersonalAuto,,PAUIMPDCov,PAUIMPDCov,PAPP,UNDR,OTAU
PersonalAuto,,PAUMBICov,PAUMBICov,PAPP,UNIN,BODI
PersonalAuto,,PAUMPDCov,PAUMPDCov,PAPP,UNIN,PRPD
PersonalUmbrella,,PUP_Primary_LiabilityCov_PUE,PUPLiabilityPD,UMBR,LIAB,OTCA
PersonalUmbrella,,PUP_Primary_LiabilityCov_PUE,PUPLiabilityBI,UMBR,LIAB,BODI
PersonalUmbrella,,PUP_Primary_LiabilityCov_PUE,PUPLiabilityGEN,UMBR,LIAB,OTCA
PersonalUmbrella,,PUP_WorldWideCov_PUE,PUPWorldWide,UMBR,LIAB,OTCA
prof_liability,,DandO,dando_gd,PLIB,DRCT,OTCA
prof_liability,,EANDO,gl_gd2,PLIB,EROM,BODI
prof_liability,,EANDO,eando_gd,PLIB,EROM,OTCA
prof_liability,,MALP,malp_bid,PLIB,OTLB,BODI
WorkersComp,,WCEmpLiabCov,WCEmpLiabCov,WCEL,WCLL,WCLL
WorkersComp,,WCFedEmpLiabCov,WCFedEmpLiabCov,WCEL,WCLL,WCLL
WorkersComp,,WCOtherStatesInsurance,WCOtherStatesMED,WCEL,WCML,WCML
WorkersComp,,WCOtherStatesInsurance,WCOtherStatesWAGES,WCEL,WCIL,WCIL
WorkersComp,,WCWorkCompDeductCov,WCWorkCompDeductMED,WCEL,WCML,WCML
WorkersComp,,WCWorkCompDeductCov,WCWorkCompDeductNOTMED,WCEL,WCIL,WCIL
WorkersComp,,WCWorkersCompCov,WCWorkersCompMED,WCEL,WCML,WCML
WorkersComp,,WCWorkersCompCov,WCWorkersCompWAGES,WCEL,WCIL,WCIL
CommercialPackage,IMLine,AccountsRecOffPremisesProperty,AccountsRecOffPremisesProperty,CIMR,,OTPR
CommercialPackage,IMLine,ContractorsEquipAdditionallyAcquiredProperty,ContractorsEquipAdditionallyAcquiredProperty,CIMR,,OTPR
CommercialPackage,IMLine,ContractorsEquipDebrisRemoval,ContractorsEquipDebrisRemoval,CIMR,,OTPR
CommercialPackage,IMLine,ContractorsEquipEmployeesTools,ContractorsEquipEmployeesTools,CIMR,,OTPR
CommercialPackage,IMLine,ContractorsEquipMiscUnscheduledCov,ContractorsEquipMiscUnscheduledCov,CIMR,,OTPR
CommercialPackage,IMLine,ContractorsEquipPollutionCleanup,ContractorsEquipPollutionCleanup,CIMR,,OTPR
CommercialPackage,IMLine,ContractorsEquipPreservationOfProperty,ContractorsEquipPreservationOfProperty,CIMR,,OTPR
CommercialPackage,IMLine,ContractorsEquipRentalReibursement,ContractorsEquipRentalReibursement,CIMR,,OTPR
CommercialPackage,IMLine,ContractorsEquipRentedEquipment,ContractorsEquipRentedEquipment,CIMR,,OTPR
CommercialPackage,IMLine,ContractorsEquipSchedCov,ContractorsEquipSchedCov,CIMR,,OTPR
CommercialPackage,IMLine,IMAccountReceivableCov,IMAccountReceivableCov,CIMR,,OTPR
CommercialPackage,IMLine,IMSignCov,IMSignCov,CIMR,,OTPR
